title,citations,doi
,81,10.21966/dphz-as73
,90,10.21966/7cmt-ca72
,35,10.21966/g9wr-vs33
,44,10.21966/zw3v-md11
,57,10.21966/ymv6-8024
,42,10.21966/gmrz-ad56
,39,10.21966/shnm-s480
,88,10.21966/4j6t-gb64
,38,10.21966/nt8w-je90
,36,10.21966/wevm-ww19
,9,10.21966/j26w-by50
