title,citations,doi
,20,10.21966/dphz-as73
,1,10.21966/j26w-by50
,19,10.21966/4j6t-gb64
,18,10.21966/g9wr-vs33
,7,10.21966/ymv6-8024
,29,10.21966/7cmt-ca72
,10,10.21966/wevm-ww19
,10,10.21966/gmrz-ad56
,17,10.21966/zw3v-md11
,8,10.21966/shnm-s480
,9,10.21966/nt8w-je90
