title,citations,doi
,37,10.21966/gmrz-ad56
,31,10.21966/wevm-ww19
,75,10.21966/4j6t-gb64
,69,10.21966/dphz-as73
,34,10.21966/nt8w-je90
,30,10.21966/shnm-s480
,48,10.21966/ymv6-8024
,74,10.21966/7cmt-ca72
,28,10.21966/g9wr-vs33
,33,10.21966/zw3v-md11
,7,10.21966/j26w-by50
