title,citations,doi
,59,10.21966/7cmt-ca72
,20,10.21966/wevm-ww19
,37,10.21966/ymv6-8024
,48,10.21966/dphz-as73
,53,10.21966/4j6t-gb64
,25,10.21966/gmrz-ad56
,6,10.21966/j26w-by50
,20,10.21966/nt8w-je90
,29,10.21966/zw3v-md11
,17,10.21966/shnm-s480
,27,10.21966/g9wr-vs33
