title,citations,doi
,27,10.21966/wevm-ww19
,58,10.21966/dphz-as73
,29,10.21966/nt8w-je90
,65,10.21966/4j6t-gb64
,24,10.21966/shnm-s480
,32,10.21966/gmrz-ad56
,7,10.21966/j26w-by50
,44,10.21966/ymv6-8024
,67,10.21966/7cmt-ca72
,32,10.21966/zw3v-md11
,27,10.21966/g9wr-vs33
