title,citations,doi
,43,10.21966/ymv6-8024
,65,10.21966/7cmt-ca72
,21,10.21966/wevm-ww19
,22,10.21966/nt8w-je90
,26,10.21966/gmrz-ad56
,55,10.21966/4j6t-gb64
,51,10.21966/dphz-as73
,31,10.21966/zw3v-md11
,6,10.21966/j26w-by50
,17,10.21966/shnm-s480
,27,10.21966/g9wr-vs33
