title,citations,doi
,38,10.21966/dphz-as73
,19,10.21966/gmrz-ad56
,41,10.21966/4j6t-gb64
,15,10.21966/shnm-s480
,23,10.21966/ymv6-8024
,46,10.21966/7cmt-ca72
,17,10.21966/nt8w-je90
,24,10.21966/zw3v-md11
,4,10.21966/j26w-by50
,17,10.21966/wevm-ww19
,23,10.21966/g9wr-vs33
