title,citations,doi
,22,10.21966/g9wr-vs33
,3,10.21966/j26w-by50
,27,10.21966/4j6t-gb64
,15,10.21966/ymv6-8024
,12,10.21966/gmrz-ad56
,21,10.21966/zw3v-md11
,9,10.21966/shnm-s480
,24,10.21966/dphz-as73
,35,10.21966/7cmt-ca72
,11,10.21966/wevm-ww19
,10,10.21966/nt8w-je90
