title,citations,doi
,52,10.21966/dphz-as73
,56,10.21966/4j6t-gb64
,27,10.21966/gmrz-ad56
,7,10.21966/j26w-by50
,18,10.21966/shnm-s480
,44,10.21966/ymv6-8024
,67,10.21966/7cmt-ca72
,23,10.21966/nt8w-je90
,32,10.21966/zw3v-md11
,21,10.21966/wevm-ww19
,27,10.21966/g9wr-vs33
