title,citations,doi
,31,10.21966/7cmt-ca72
,7,10.21966/ymv6-8024
,10,10.21966/gmrz-ad56
,10,10.21966/wevm-ww19
,1,10.21966/j26w-by50
,18,10.21966/zw3v-md11
,19,10.21966/g9wr-vs33
,22,10.21966/dphz-as73
,21,10.21966/4j6t-gb64
,8,10.21966/shnm-s480
,9,10.21966/nt8w-je90
