title,citations,doi
,27,10.21966/g9wr-vs33
,21,10.21966/gmrz-ad56
,40,10.21966/dphz-as73
,50,10.21966/7cmt-ca72
,19,10.21966/nt8w-je90
,26,10.21966/zw3v-md11
,45,10.21966/4j6t-gb64
,26,10.21966/ymv6-8024
,18,10.21966/wevm-ww19
,16,10.21966/shnm-s480
,4,10.21966/j26w-by50
