title,citations,doi
,17,10.21966/ymv6-8024
,39,10.21966/7cmt-ca72
,14,10.21966/nt8w-je90
,33,10.21966/4j6t-gb64
,31,10.21966/dphz-as73
,22,10.21966/zw3v-md11
,23,10.21966/g9wr-vs33
,15,10.21966/wevm-ww19
,15,10.21966/gmrz-ad56
,11,10.21966/shnm-s480
,3,10.21966/j26w-by50
