title,citations,doi
,60,10.21966/dphz-as73
,67,10.21966/4j6t-gb64
,25,10.21966/shnm-s480
,46,10.21966/ymv6-8024
,71,10.21966/7cmt-ca72
,28,10.21966/g9wr-vs33
,33,10.21966/zw3v-md11
,27,10.21966/wevm-ww19
,29,10.21966/nt8w-je90
,32,10.21966/gmrz-ad56
,7,10.21966/j26w-by50
