title,citations,doi
,29,10.21966/dphz-as73
,15,10.21966/wevm-ww19
,31,10.21966/4j6t-gb64
,15,10.21966/gmrz-ad56
,13,10.21966/nt8w-je90
,11,10.21966/shnm-s480
,36,10.21966/7cmt-ca72
,22,10.21966/g9wr-vs33
,3,10.21966/j26w-by50
,15,10.21966/ymv6-8024
,21,10.21966/zw3v-md11
