title,citations,doi
,75,10.21966/dphz-as73
,35,10.21966/wevm-ww19
,85,10.21966/4j6t-gb64
,39,10.21966/gmrz-ad56
,37,10.21966/shnm-s480
,54,10.21966/ymv6-8024
,84,10.21966/7cmt-ca72
,40,10.21966/zw3v-md11
,32,10.21966/g9wr-vs33
,36,10.21966/nt8w-je90
,8,10.21966/j26w-by50
