title,citations,doi
,29,10.21966/ymv6-8024
,52,10.21966/7cmt-ca72
,46,10.21966/4j6t-gb64
,41,10.21966/dphz-as73
,22,10.21966/gmrz-ad56
,27,10.21966/g9wr-vs33
,19,10.21966/nt8w-je90
,26,10.21966/zw3v-md11
,18,10.21966/wevm-ww19
,16,10.21966/shnm-s480
,4,10.21966/j26w-by50
