title,citations,doi
,12,10.21966/wevm-ww19
,13,10.21966/gmrz-ad56
,28,10.21966/4j6t-gb64
,25,10.21966/dphz-as73
,22,10.21966/g9wr-vs33
,3,10.21966/j26w-by50
,15,10.21966/ymv6-8024
,21,10.21966/zw3v-md11
,9,10.21966/shnm-s480
,35,10.21966/7cmt-ca72
,10,10.21966/nt8w-je90
