title,citations,doi
,33,10.21966/shnm-s480
,79,10.21966/4j6t-gb64
,32,10.21966/wevm-ww19
,69,10.21966/dphz-as73
,37,10.21966/gmrz-ad56
,34,10.21966/nt8w-je90
,48,10.21966/ymv6-8024
,74,10.21966/7cmt-ca72
,28,10.21966/g9wr-vs33
,33,10.21966/zw3v-md11
,7,10.21966/j26w-by50
