title,citations,doi
,30,10.21966/zw3v-md11
,60,10.21966/7cmt-ca72
,38,10.21966/ymv6-8024
,21,10.21966/nt8w-je90
,20,10.21966/wevm-ww19
,48,10.21966/dphz-as73
,53,10.21966/4j6t-gb64
,25,10.21966/gmrz-ad56
,6,10.21966/j26w-by50
,17,10.21966/shnm-s480
,27,10.21966/g9wr-vs33
