title,citations,doi
,42,10.21966/zw3v-md11
,77,10.21966/dphz-as73
,9,10.21966/j26w-by50
,34,10.21966/g9wr-vs33
,41,10.21966/gmrz-ad56
,38,10.21966/shnm-s480
,37,10.21966/nt8w-je90
,86,10.21966/7cmt-ca72
,86,10.21966/4j6t-gb64
,55,10.21966/ymv6-8024
,35,10.21966/wevm-ww19
