title,citations,doi
,52,10.21966/4j6t-gb64
,47,10.21966/dphz-as73
,25,10.21966/gmrz-ad56
,6,10.21966/j26w-by50
,35,10.21966/ymv6-8024
,20,10.21966/nt8w-je90
,57,10.21966/7cmt-ca72
,29,10.21966/zw3v-md11
,19,10.21966/wevm-ww19
,17,10.21966/shnm-s480
,27,10.21966/g9wr-vs33
