title,citations,doi
,72,10.21966/dphz-as73
,37,10.21966/zw3v-md11
,81,10.21966/7cmt-ca72
,51,10.21966/ymv6-8024
,34,10.21966/wevm-ww19
,32,10.21966/g9wr-vs33
,36,10.21966/nt8w-je90
,80,10.21966/4j6t-gb64
,38,10.21966/gmrz-ad56
,8,10.21966/j26w-by50
,34,10.21966/shnm-s480
