title,citations,doi
,26,10.21966/4j6t-gb64
,2,10.21966/j26w-by50
,10,10.21966/ymv6-8024
,23,10.21966/dphz-as73
,11,10.21966/gmrz-ad56
,32,10.21966/7cmt-ca72
,10,10.21966/wevm-ww19
,18,10.21966/zw3v-md11
,19,10.21966/g9wr-vs33
,8,10.21966/shnm-s480
,9,10.21966/nt8w-je90
