title,citations,doi
,50,10.21966/4j6t-gb64
,34,10.21966/ymv6-8024
,57,10.21966/7cmt-ca72
,29,10.21966/zw3v-md11
,45,10.21966/dphz-as73
,19,10.21966/wevm-ww19
,24,10.21966/gmrz-ad56
,17,10.21966/shnm-s480
,5,10.21966/j26w-by50
,27,10.21966/g9wr-vs33
,19,10.21966/nt8w-je90
