title,citations,doi
,17,10.21966/wevm-ww19
,36,10.21966/dphz-as73
,39,10.21966/4j6t-gb64
,17,10.21966/gmrz-ad56
,13,10.21966/shnm-s480
,16,10.21966/nt8w-je90
,21,10.21966/ymv6-8024
,44,10.21966/7cmt-ca72
,23,10.21966/zw3v-md11
,23,10.21966/g9wr-vs33
,3,10.21966/j26w-by50
